{
  "model": "default",
  "model_path": "yolo11l.pt",
  "frames_processed": 18022,
  "video_fps": 30.0,
  "processing_seconds": 364.7579114437103,
  "processing_fps": 49.40811270869766,
  "segments": 1189,
  "unique_tracks_with_region_segments": 1166,
  "total_dwell_time_s": 122936.93333333336,
  "avg_dwell_time_s": 103.39523409027196,
  "avg_conf_in_region": 0.5543207629025294
}